-- ============================================================================
-- ProQuip - Enterprise Procurement & Inventory Management System
-- V022: 仕入先データのシード投入
-- 仕入先、連絡先、住所、取扱商品、契約、評価、認証
-- ============================================================================

-- ----------------------------------------------------------------------------
-- 仕入先マスタ（12件）
-- 日本国内のIT機器ディストリビューター・リセラー
-- ----------------------------------------------------------------------------
INSERT INTO supplier (id, supplier_code, name, name_en, legal_name, tax_id, website,
    payment_terms, payment_method, credit_limit, currency_code, status, risk_level, notes, registered_at)
VALUES
    (1,  'SUP-001', '大塚商会',                   'Otsuka Corporation',
     '株式会社大塚商会', 'T1010001034730', 'https://www.otsuka-shokai.co.jp',
     'NET30', 'BANK_TRANSFER', 50000000.00, 'JPY', 'ACTIVE', 'LOW',
     '国内最大級のIT総合商社。オフィスIT全般の調達が可能。', '2020-04-01'),

    (2,  'SUP-002', 'リコージャパン',               'Ricoh Japan',
     'リコージャパン株式会社', 'T2010001103277', 'https://www.ricoh.co.jp',
     'NET30', 'BANK_TRANSFER', 30000000.00, 'JPY', 'ACTIVE', 'LOW',
     '複合機・プリンター中心のIT機器・ソリューション提供企業。', '2020-04-01'),

    (3,  'SUP-003', 'キヤノンマーケティングジャパン', 'Canon Marketing Japan',
     'キヤノンマーケティングジャパン株式会社', 'T5010001013874', 'https://canon.jp',
     'NET30', 'BANK_TRANSFER', 30000000.00, 'JPY', 'ACTIVE', 'LOW',
     'キヤノン製品の国内販売・サポートを担う総合販売会社。', '2020-06-01'),

    (4,  'SUP-004', 'ダイワボウ情報システム',       'Daiwabo Information System',
     'ダイワボウ情報システム株式会社', 'T8120001077523', 'https://www.pc-daiwabo.co.jp',
     'NET45', 'BANK_TRANSFER', 40000000.00, 'JPY', 'ACTIVE', 'LOW',
     '国内最大級のIT機器ディストリビューター。幅広いメーカー製品を取扱い。', '2020-04-01'),

    (5,  'SUP-005', 'SB C&S',                      'SB C and S',
     'SB C&S株式会社', 'T9010401070498', 'https://www.softbankselection.jp',
     'NET30', 'BANK_TRANSFER', 35000000.00, 'JPY', 'ACTIVE', 'LOW',
     'ソフトバンクグループのIT流通商社。ソフトウェア・クラウドサービスに強み。', '2021-01-15'),

    (6,  'SUP-006', 'TD SYNNEX',                    'TD SYNNEX',
     'TD SYNNEX株式会社', 'T4010001098422', 'https://www.synnex.co.jp',
     'NET30', 'BANK_TRANSFER', 25000000.00, 'JPY', 'ACTIVE', 'LOW',
     'グローバルIT流通大手の日本法人。海外メーカー製品の国内供給に強み。', '2021-04-01'),

    (7,  'SUP-007', 'ネットワンシステムズ',         'Net One Systems',
     'ネットワンシステムズ株式会社', 'T9010001062094', 'https://www.netone.co.jp',
     'NET30', 'BANK_TRANSFER', 20000000.00, 'JPY', 'ACTIVE', 'LOW',
     'ネットワークインテグレーションの大手。Cisco製品の取扱実績豊富。', '2021-07-01'),

    (8,  'SUP-008', 'アイ・オー・データ機器',       'I-O DATA Device',
     '株式会社アイ・オー・データ機器', 'T2220001003547', 'https://www.iodata.jp',
     'NET30', 'BANK_TRANSFER', 10000000.00, 'JPY', 'ACTIVE', 'LOW',
     'PC周辺機器・ストレージの国産メーカー兼販売会社。', '2022-01-10'),

    (9,  'SUP-009', 'エレコムダイレクト',           'ELECOM Direct',
     'エレコム株式会社', 'T6120001058498', 'https://www.elecom.co.jp',
     'NET15', 'BANK_TRANSFER', 8000000.00, 'JPY', 'ACTIVE', 'LOW',
     'エレコム製周辺機器・サプライ品の直販窓口。', '2022-04-01'),

    (10, 'SUP-010', 'Dell Technologies Direct',    'Dell Technologies Direct',
     'デル・テクノロジーズ株式会社', 'T5010401089802', 'https://www.dell.com/ja-jp',
     'NET30', 'BANK_TRANSFER', 30000000.00, 'JPY', 'ACTIVE', 'LOW',
     'Dell製品の法人向け直販窓口。CTO構成に対応。', '2020-04-01'),

    (11, 'SUP-011', '日本HP ダイレクト',            'HP Japan Direct',
     '株式会社日本HP', 'T2010401094029', 'https://www.hp.com/jp-ja',
     'NET30', 'BANK_TRANSFER', 25000000.00, 'JPY', 'PENDING_APPROVAL',  'LOW',
     'HP製品の法人向け直販窓口。定期的な取引条件見直し中。', '2020-04-01'),

    (12, 'SUP-012', 'テクノアルファ',               'Techno Alpha',
     'テクノアルファ株式会社', 'T6011101022871', 'https://www.techno-alpha.com',
     'NET60', 'BANK_TRANSFER', 5000000.00, 'JPY', 'SUSPENDED', 'MEDIUM',
     '中小規模IT機器商社。納期遅延が続き取引停止中。', '2023-01-15');

SELECT setval('supplier_id_seq', 12);

-- ----------------------------------------------------------------------------
-- 仕入先連絡先（24件）
-- 各仕入先に営業担当と経理担当の2名を登録
-- ----------------------------------------------------------------------------
INSERT INTO supplier_contact (id, supplier_id, contact_type, first_name, last_name, job_title,
    department, email, phone, mobile_phone, is_primary)
VALUES
    -- 大塚商会
    (1,  1, 'SALES',   '健太', '松本', '営業第一課 主任', '法人営業部',
     'matsumoto.kenta@otsuka-shokai.example.com', '03-3522-1001', '090-1111-0001', TRUE),
    (2,  1, 'BILLING', '由美', '岡田', '経理課', '管理部',
     'okada.yumi@otsuka-shokai.example.com', '03-3522-1002', NULL, FALSE),
    -- リコージャパン
    (3,  2, 'SALES',   '翔太', '森田', '法人営業課 課長', 'ソリューション営業部',
     'morita.shota@ricoh-japan.example.com', '03-6420-2001', '090-2222-0001', TRUE),
    (4,  2, 'BILLING', '美咲', '近藤', '会計課', '管理本部',
     'kondo.misaki@ricoh-japan.example.com', '03-6420-2002', NULL, FALSE),
    -- キヤノンMJ
    (5,  3, 'SALES',   '大輔', '藤井', 'アカウント営業 担当', '営業統括本部',
     'fujii.daisuke@canon-mj.example.com', '03-6719-3001', '090-3333-0001', TRUE),
    (6,  3, 'BILLING', '沙織', '三浦', '経理担当', '経営管理部',
     'miura.saori@canon-mj.example.com', '03-6719-3002', NULL, FALSE),
    -- ダイワボウ情報システム
    (7,  4, 'SALES',   '拓也', '原田', '営業部 係長', '東日本営業本部',
     'harada.takuya@daiwabo-is.example.com', '03-5765-4001', '090-4444-0001', TRUE),
    (8,  4, 'BILLING', '真理', '石田', '経理課 主任', '管理部',
     'ishida.mari@daiwabo-is.example.com', '03-5765-4002', NULL, FALSE),
    -- SB C&S
    (9,  5, 'SALES',   '雄大', '小川', '法人営業課', 'デバイス事業部',
     'ogawa.yudai@sbc-s.example.com', '03-6889-5001', '090-5555-0001', TRUE),
    (10, 5, 'BILLING', '千尋', '長谷川', '売掛管理', '経理部',
     'hasegawa.chihiro@sbc-s.example.com', '03-6889-5002', NULL, FALSE),
    -- TD SYNNEX
    (11, 6, 'SALES',   '一馬', '前田', 'シニアアカウントマネージャー', 'セールス本部',
     'maeda.kazuma@synnex.example.com', '03-5408-6001', '090-6666-0001', TRUE),
    (12, 6, 'BILLING', '彩香', '木村', 'クレジットコントロール', 'ファイナンス部',
     'kimura.ayaka@synnex.example.com', '03-5408-6002', NULL, FALSE),
    -- ネットワンシステムズ
    (13, 7, 'SALES',   '祐介', '吉田', 'ネットワーク営業課', 'NI事業本部',
     'yoshida.yusuke@netone.example.com', '03-5765-7001', '090-7777-0001', TRUE),
    (14, 7, 'BILLING', '裕子', '坂本', '財務課', '管理本部',
     'sakamoto.yuko@netone.example.com', '03-5765-7002', NULL, FALSE),
    -- アイ・オー・データ機器
    (15, 8, 'SALES',   '慎一', '宮崎', '法人営業部', '営業本部',
     'miyazaki.shinichi@iodata.example.com', '076-260-8001', '090-8888-0001', TRUE),
    (16, 8, 'BILLING', '恵', '福田',  '経理課', '管理部',
     'fukuda.megumi@iodata.example.com', '076-260-8002', NULL, FALSE),
    -- エレコムダイレクト
    (17, 9, 'SALES',   '武', '中島',  '法人営業チーム', '営業統括部',
     'nakajima.takeshi@elecom.example.com', '06-6229-9001', '090-9999-0001', TRUE),
    (18, 9, 'BILLING', '綾乃', '松井', '経理チーム', '管理部',
     'matsui.ayano@elecom.example.com', '06-6229-9002', NULL, FALSE),
    -- Dell Technologies Direct
    (19, 10, 'SALES',  '洋介', '高田', 'インサイドセールス', '法人営業部',
     'takada.yosuke@dell.example.com', '044-556-1001', '090-1010-0001', TRUE),
    (20, 10, 'BILLING','由紀', '西村', 'アカウント経理', 'ファイナンス部',
     'nishimura.yuki@dell.example.com', '044-556-1002', NULL, FALSE),
    -- 日本HP ダイレクト
    (21, 11, 'SALES',  '啓太', '山田', 'セールスコンサルタント', '法人営業統括本部',
     'yamada.keita@hp-japan.example.com', '03-6718-1101', '090-1111-0011', TRUE),
    (22, 11, 'BILLING','奈々', '佐々木', 'AR担当', 'ファイナンス統括本部',
     'sasaki.nana@hp-japan.example.com', '03-6718-1102', NULL, FALSE),
    -- テクノアルファ
    (23, 12, 'SALES',  '誠', '井上',  '営業課', '営業部',
     'inoue.makoto@techno-alpha.example.com', '03-5510-1201', '090-1212-0001', TRUE),
    (24, 12, 'BILLING','真由美', '河野', '経理', '総務部',
     'kono.mayumi@techno-alpha.example.com', '03-5510-1202', NULL, FALSE);

SELECT setval('supplier_contact_id_seq', 24);

-- ----------------------------------------------------------------------------
-- 仕入先住所（12件）
-- 各仕入先の本社所在地
-- ----------------------------------------------------------------------------
INSERT INTO supplier_address (id, supplier_id, address_type, address_line1, address_line2,
    city, state_province, postal_code, country_code, is_primary)
VALUES
    (1,  1, 'OFFICE', '飯田橋2-18-4', NULL,
     '千代田区', '東京都', '102-8573', 'JPN', TRUE),
    (2,  2, 'OFFICE', '東五反田3-20-14', '住友不動産高輪パークタワー',
     '品川区', '東京都', '141-0022', 'JPN', TRUE),
    (3,  3, 'OFFICE', '港南2-16-6', 'キヤノンSタワー',
     '港区', '東京都', '108-8011', 'JPN', TRUE),
    (4,  4, 'OFFICE', '内神田3-10-4', NULL,
     '千代田区', '東京都', '101-0047', 'JPN', TRUE),
    (5,  5, 'OFFICE', '海岸1-7-1', '東京ポートシティ竹芝オフィスタワー',
     '港区', '東京都', '105-7529', 'JPN', TRUE),
    (6,  6, 'OFFICE', '芝公園2-4-1', '芝パークビルB館',
     '港区', '東京都', '105-8605', 'JPN', TRUE),
    (7,  7, 'OFFICE', '千代田1-1-1', 'パレスビル',
     '千代田区', '東京都', '100-0001', 'JPN', TRUE),
    (8,  8, 'OFFICE', '桜田町3-10', NULL,
     '金沢市', '石川県', '920-8512', 'JPN', TRUE),
    (9,  9, 'OFFICE', '中央区安土町2-3-13', '大阪国際ビルディング',
     '大阪市', '大阪府', '541-8765', 'JPN', TRUE),
    (10, 10, 'OFFICE', '下沼部1753', NULL,
     '川崎市中原区', '神奈川県', '211-8510', 'JPN', TRUE),
    (11, 11, 'OFFICE', '虎ノ門1-23-1', '虎ノ門ヒルズ森タワー',
     '港区', '東京都', '105-6390', 'JPN', TRUE),
    (12, 12, 'OFFICE', '芝大門1-4-8', '浜松町清和ビル',
     '港区', '東京都', '105-0012', 'JPN', TRUE);

SELECT setval('supplier_address_id_seq', 12);

-- ----------------------------------------------------------------------------
-- 仕入先取扱商品（80件）
-- どの仕入先がどの商品を供給できるかの対応関係
-- 仕入先固有の価格（仕入価格）とリードタイムを定義
-- ----------------------------------------------------------------------------
INSERT INTO supplier_product (id, supplier_id, product_id, supplier_sku, unit_price, currency_code,
    min_order_qty, lead_time_days, is_preferred, is_active, last_price_update)
VALUES
    -- 大塚商会（汎用ディストリビューター）: 幅広い製品を取扱い
    (1,  1, 1,  'OTS-OPT7010',   138000.00, 'JPY', 1, 5,  TRUE,  TRUE, '2024-10-01'),
    (2,  1, 2,  'OTS-OPT5000',   105000.00, 'JPY', 1, 5,  FALSE, TRUE, '2024-10-01'),
    (3,  1, 6,  'OTS-EB840G10',  185000.00, 'JPY', 1, 5,  FALSE, TRUE, '2024-10-01'),
    (4,  1, 7,  'OTS-X1C-G11',   248000.00, 'JPY', 1, 7,  TRUE,  TRUE, '2024-10-01'),
    (5,  1, 8,  'OTS-L14-G4',    128000.00, 'JPY', 1, 5,  TRUE,  TRUE, '2024-10-01'),
    (6,  1, 18, 'OTS-EV2760',    73000.00,  'JPY', 1, 3,  TRUE,  TRUE, '2024-10-01'),
    (7,  1, 19, 'OTS-EV2490',    51000.00,  'JPY', 1, 3,  TRUE,  TRUE, '2024-10-01'),
    (8,  1, 29, 'OTS-MFCL3780',  54000.00,  'JPY', 1, 5,  FALSE, TRUE, '2024-10-01'),
    (9,  1, 42, 'OTS-W11PRO',    26500.00,  'JPY', 1, 1,  FALSE, TRUE, '2024-10-01'),
    (10, 1, 44, 'OTS-M365BS',    17500.00,  'JPY', 1, 1,  FALSE, TRUE, '2024-10-01'),

    -- ダイワボウ情報システム（大手ディストリビューター）
    (11, 4, 1,  'DIS-D-OPT7010', 140000.00, 'JPY', 1, 5,  FALSE, TRUE, '2024-10-01'),
    (12, 4, 3,  'DIS-H-PD400G9', 92000.00,  'JPY', 1, 5,  TRUE,  TRUE, '2024-10-01'),
    (13, 4, 4,  'DIS-F-D7012M',  118000.00, 'JPY', 1, 7,  TRUE,  TRUE, '2024-10-01'),
    (14, 4, 6,  'DIS-H-EB840',   188000.00, 'JPY', 1, 5,  FALSE, TRUE, '2024-10-01'),
    (15, 4, 8,  'DIS-L-L14G4',   130000.00, 'JPY', 1, 5,  FALSE, TRUE, '2024-10-01'),
    (16, 4, 9,  'DIS-D-LAT5540', 168000.00, 'JPY', 1, 7,  TRUE,  TRUE, '2024-10-01'),
    (17, 4, 12, 'DIS-F-U7413M',  200000.00, 'JPY', 1, 10, TRUE,  TRUE, '2024-10-01'),
    (18, 4, 13, 'DIS-N-VGE',     195000.00, 'JPY', 1, 10, TRUE,  TRUE, '2024-10-01'),
    (19, 4, 14, 'DIS-H-PB450',   110000.00, 'JPY', 1, 5,  TRUE,  TRUE, '2024-10-01'),
    (20, 4, 20, 'DIS-D-U2723QE', 63000.00,  'JPY', 1, 7,  TRUE,  TRUE, '2024-10-01'),

    -- SB C&S（ソフトウェア・Apple製品に強み）
    (21, 5, 10, 'SBC-MBA15M3',   215000.00, 'JPY', 1, 3,  TRUE,  TRUE, '2024-11-01'),
    (22, 5, 11, 'SBC-MBP14M3P',  310000.00, 'JPY', 1, 3,  TRUE,  TRUE, '2024-11-01'),
    (23, 5, 25, 'SBC-MKBD-TK',   25000.00,  'JPY', 1, 3,  TRUE,  TRUE, '2024-11-01'),
    (24, 5, 28, 'SBC-MMOUSE',    13000.00,  'JPY', 1, 3,  TRUE,  TRUE, '2024-11-01'),
    (25, 5, 42, 'SBC-W11PRO',    26000.00,  'JPY', 1, 1,  TRUE,  TRUE, '2024-11-01'),
    (26, 5, 43, 'SBC-W11HOME',   18000.00,  'JPY', 1, 1,  TRUE,  TRUE, '2024-11-01'),
    (27, 5, 44, 'SBC-M365BS',    17200.00,  'JPY', 1, 1,  TRUE,  TRUE, '2024-11-01'),
    (28, 5, 45, 'SBC-M365E3',    21800.00,  'JPY', 1, 1,  TRUE,  TRUE, '2024-11-01'),

    -- TD SYNNEX（海外メーカー製品中心）
    (29, 6, 1,  'SYN-OPT7010',   139000.00, 'JPY', 1, 7,  FALSE, TRUE, '2024-09-15'),
    (30, 6, 6,  'SYN-EB840G10',  186000.00, 'JPY', 1, 5,  FALSE, TRUE, '2024-09-15'),
    (31, 6, 7,  'SYN-X1CG11',    250000.00, 'JPY', 1, 7,  FALSE, TRUE, '2024-09-15'),
    (32, 6, 9,  'SYN-LAT5540',   170000.00, 'JPY', 1, 7,  FALSE, TRUE, '2024-09-15'),
    (33, 6, 16, 'SYN-P5680',     470000.00, 'JPY', 1, 14, TRUE,  TRUE, '2024-09-15'),
    (34, 6, 17, 'SYN-ZBF16G10',  520000.00, 'JPY', 1, 14, TRUE,  TRUE, '2024-09-15'),
    (35, 6, 20, 'SYN-U2723QE',   64000.00,  'JPY', 1, 7,  FALSE, TRUE, '2024-09-15'),
    (36, 6, 21, 'SYN-E27KG5',    58000.00,  'JPY', 1, 5,  TRUE,  TRUE, '2024-09-15'),

    -- ネットワンシステムズ（Cisco製品専門）
    (37, 7, 33, 'N1S-ISR1100-4G', 295000.00, 'JPY', 1, 14, TRUE,  TRUE, '2024-10-01'),
    (38, 7, 34, 'N1S-ISR1100-8P', 445000.00, 'JPY', 1, 14, TRUE,  TRUE, '2024-10-01'),
    (39, 7, 35, 'N1S-CAT1300-24', 78000.00,  'JPY', 1, 10, TRUE,  TRUE, '2024-10-01'),
    (40, 7, 36, 'N1S-CAT1300-48', 135000.00, 'JPY', 1, 10, TRUE,  TRUE, '2024-10-01'),
    (41, 7, 38, 'N1S-MR36',      92000.00,  'JPY', 1, 14, TRUE,  TRUE, '2024-10-01'),

    -- リコージャパン（プリンター・複合機中心）
    (42, 2, 29, 'RJ-MFCL3780',   52000.00,  'JPY', 1, 5,  TRUE,  TRUE, '2024-10-01'),
    (43, 2, 30, 'RJ-MF753CDW',   60000.00,  'JPY', 1, 5,  FALSE, TRUE, '2024-10-01'),
    (44, 2, 31, 'RJ-LPS3290',    82000.00,  'JPY', 1, 7,  TRUE,  TRUE, '2024-10-01'),
    (45, 2, 46, 'RJ-TN493BK',    8200.00,   'JPY', 1, 3,  TRUE,  TRUE, '2024-10-01'),
    (46, 2, 47, 'RJ-CRG057H',    14800.00,  'JPY', 1, 3,  TRUE,  TRUE, '2024-10-01'),

    -- キヤノンMJ（Canon製品中心 + 一部他社製品）
    (47, 3, 30, 'CMJ-MF753CDW',  58000.00,  'JPY', 1, 3,  TRUE,  TRUE, '2024-10-01'),
    (48, 3, 47, 'CMJ-CRG057H',   14500.00,  'JPY', 1, 3,  TRUE,  TRUE, '2024-10-01'),
    (49, 3, 18, 'CMJ-EV2760',    74000.00,  'JPY', 1, 5,  FALSE, TRUE, '2024-10-01'),
    (50, 3, 19, 'CMJ-EV2490',    52000.00,  'JPY', 1, 5,  FALSE, TRUE, '2024-10-01'),

    -- エレコムダイレクト（エレコム製品直販）
    (51, 9, 23, 'ELD-TKFDM110',  2800.00,   'JPY', 5, 3,  TRUE,  TRUE, '2024-11-01'),
    (52, 9, 26, 'ELD-MXGM30',   3100.00,   'JPY', 5, 3,  TRUE,  TRUE, '2024-11-01'),
    (53, 9, 48, 'ELD-USB4CC10',  1650.00,   'JPY', 10, 2, TRUE,  TRUE, '2024-11-01'),
    (54, 9, 49, 'ELD-LDGPA3',   650.00,    'JPY', 10, 2, TRUE,  TRUE, '2024-11-01'),
    (55, 9, 50, 'ELD-DHHDP14',  1320.00,   'JPY', 10, 2, TRUE,  TRUE, '2024-11-01'),

    -- Dell Technologies Direct（Dell直販）
    (56, 10, 1,  'DELL-OPT7010S', 135000.00, 'JPY', 1, 7,  FALSE, TRUE, '2024-10-15'),
    (57, 10, 2,  'DELL-OPT5000M', 102000.00, 'JPY', 1, 7,  FALSE, TRUE, '2024-10-15'),
    (58, 10, 9,  'DELL-LAT5540',  165000.00, 'JPY', 1, 7,  FALSE, TRUE, '2024-10-15'),
    (59, 10, 16, 'DELL-P5680',    465000.00, 'JPY', 1, 14, FALSE, TRUE, '2024-10-15'),
    (60, 10, 20, 'DELL-U2723QE',  62000.00,  'JPY', 1, 5,  FALSE, TRUE, '2024-10-15'),

    -- 日本HP ダイレクト（HP直販）
    (61, 11, 3,  'HPD-PD400G9',   90000.00,  'JPY', 1, 5,  FALSE, TRUE, '2024-10-01'),
    (62, 11, 6,  'HPD-EB840G10',  182000.00, 'JPY', 1, 5,  FALSE, TRUE, '2024-10-01'),
    (63, 11, 14, 'HPD-PB450G10',  108000.00, 'JPY', 1, 5,  FALSE, TRUE, '2024-10-01'),
    (64, 11, 17, 'HPD-ZBF16G10',  515000.00, 'JPY', 1, 14, FALSE, TRUE, '2024-10-01'),
    (65, 11, 21, 'HPD-E27KG5',    57000.00,  'JPY', 1, 5,  FALSE, TRUE, '2024-10-01'),
    (66, 11, 32, 'HPD-CLJP4302',  66000.00,  'JPY', 1, 10, FALSE, TRUE, '2024-10-01'),

    -- アイ・オー・データ（ストレージ・周辺機器）
    (67, 8, 40, 'IOD-870EVO1T',  11800.00,  'JPY', 1, 3,  TRUE,  TRUE, '2024-10-01'),
    (68, 8, 41, 'IOD-990P2T',    26000.00,  'JPY', 1, 3,  TRUE,  TRUE, '2024-10-01'),

    -- 大塚商会（追加：ネットワーク機器、Lenovo製品）
    (69, 1, 35, 'OTS-CAT1300-24', 80000.00, 'JPY', 1, 10, FALSE, TRUE, '2024-10-01'),
    (70, 1, 22, 'OTS-T27P30',    68000.00,  'JPY', 1, 7,  TRUE,  TRUE, '2024-10-01'),
    (71, 1, 24, 'OTS-TPKBD2',    12000.00,  'JPY', 1, 5,  TRUE,  TRUE, '2024-10-01'),
    (72, 1, 27, 'OTS-TPBTMOU',   4200.00,   'JPY', 1, 5,  TRUE,  TRUE, '2024-10-01'),

    -- ダイワボウ（追加：Buffalo製品、SSD）
    (73, 4, 37, 'DIS-BSGS2016P', 48000.00,  'JPY', 1, 5,  TRUE,  TRUE, '2024-10-01'),
    (74, 4, 39, 'DIS-WAPMAXR',   54000.00,  'JPY', 1, 5,  TRUE,  TRUE, '2024-10-01'),
    (75, 4, 40, 'DIS-870EVO1T',  12000.00,  'JPY', 1, 3,  FALSE, TRUE, '2024-10-01'),
    (76, 4, 41, 'DIS-990P2T',    26500.00,  'JPY', 1, 3,  FALSE, TRUE, '2024-10-01'),

    -- SB C&S（追加：ソフトウェア、Lenovo）
    (77, 5, 7,  'SBC-X1CG11',    252000.00, 'JPY', 1, 7,  FALSE, TRUE, '2024-11-01'),
    (78, 5, 8,  'SBC-L14G4',     132000.00, 'JPY', 1, 5,  FALSE, TRUE, '2024-11-01'),

    -- ネットワンシステムズ（追加：Buffalo、エレコム）
    (79, 7, 37, 'N1S-BSGS2016P', 49000.00,  'JPY', 1, 5,  FALSE, TRUE, '2024-10-01'),
    (80, 7, 39, 'N1S-WAPMAXR',   55000.00,  'JPY', 1, 5,  FALSE, TRUE, '2024-10-01');

SELECT setval('supplier_product_id_seq', 80);

-- ----------------------------------------------------------------------------
-- 仕入先契約（6件）
-- 主要仕入先との有効な取引契約
-- ----------------------------------------------------------------------------
INSERT INTO supplier_contract (id, supplier_id, contract_number, contract_type, title, description,
    status, start_date, end_date, total_value, currency_code, auto_renew, renewal_notice_days,
    signed_by, signed_at)
VALUES
    (1, 1, 'CNT-2024-001', 'FRAMEWORK', '大塚商会 年間基本取引契約 2024',
     '2024年度のIT機器全般に関する基本取引契約。数量コミットに応じた割引適用。',
     'ACTIVE', '2024-04-01', '2025-03-31', 30000000.00, 'JPY', TRUE, 60,
     3, '2024-03-15 10:00:00'),

    (2, 4, 'CNT-2024-002', 'FRAMEWORK', 'ダイワボウ 年間基本取引契約 2024',
     '2024年度のPC・周辺機器に関する基本取引契約。安定供給保証あり。',
     'ACTIVE', '2024-04-01', '2025-03-31', 25000000.00, 'JPY', TRUE, 60,
     3, '2024-03-20 14:00:00'),

    (3, 5, 'CNT-2024-003', 'BLANKET_ORDER', 'SB C&S Microsoft 365 包括契約',
     'Microsoft 365 ライセンスの年間包括発注契約。ボリュームディスカウント適用。',
     'ACTIVE', '2024-04-01', '2025-03-31', 10000000.00, 'JPY', TRUE, 30,
     3, '2024-03-25 11:00:00'),

    (4, 7, 'CNT-2024-004', 'FRAMEWORK', 'ネットワンシステムズ Cisco製品取引契約',
     'Cisco製品（ルーター・スイッチ・AP）の調達に関する基本取引契約。',
     'ACTIVE', '2024-04-01', '2025-03-31', 15000000.00, 'JPY', FALSE, 90,
     3, '2024-03-28 09:30:00'),

    (5, 10, 'CNT-2024-005', 'GENERAL', 'Dell Technologies 法人直販取引契約',
     'Dell製品の法人向け直販に関する一般取引契約。CTO対応含む。',
     'ACTIVE', '2024-04-01', '2025-03-31', 20000000.00, 'JPY', TRUE, 30,
     3, '2024-03-10 15:00:00'),

    (6, 2, 'CNT-2023-006', 'FRAMEWORK', 'リコージャパン プリンター保守契約 2023',
     '2023年度のプリンター・複合機の保守サービス契約。契約期限切れ間近。',
     'EXPIRED', '2023-04-01', '2024-03-31', 5000000.00, 'JPY', FALSE, 60,
     3, '2023-03-20 10:00:00');

SELECT setval('supplier_contract_id_seq', 6);

-- ----------------------------------------------------------------------------
-- 仕入先契約明細（20件）
-- 契約に含まれる商品と合意価格
-- ----------------------------------------------------------------------------
INSERT INTO supplier_contract_item (id, contract_id, product_id, agreed_price, currency_code,
    min_quantity, max_quantity, committed_qty, delivered_qty)
VALUES
    -- 大塚商会 基本契約
    (1,  1, 1,  135000.00, 'JPY', 1, NULL, 30, 15),
    (2,  1, 7,  245000.00, 'JPY', 1, NULL, 20, 8),
    (3,  1, 8,  125000.00, 'JPY', 1, NULL, 40, 22),
    (4,  1, 18, 72000.00,  'JPY', 1, NULL, 30, 18),
    (5,  1, 19, 50000.00,  'JPY', 1, NULL, 50, 30),
    -- ダイワボウ 基本契約
    (6,  2, 3,  90000.00,  'JPY', 1, NULL, 20, 10),
    (7,  2, 9,  165000.00, 'JPY', 1, NULL, 15, 5),
    (8,  2, 12, 198000.00, 'JPY', 1, NULL, 10, 3),
    (9,  2, 14, 108000.00, 'JPY', 1, NULL, 30, 12),
    (10, 2, 20, 62000.00,  'JPY', 1, NULL, 20, 8),
    -- SB C&S M365 包括契約
    (11, 3, 44, 16800.00,  'JPY', 50, NULL, 300, 200),
    (12, 3, 45, 21500.00,  'JPY', 50, NULL, 100, 60),
    (13, 3, 42, 25500.00,  'JPY', 20, NULL, 100, 50),
    -- ネットワン Cisco契約
    (14, 4, 33, 290000.00, 'JPY', 1, NULL, 5, 2),
    (15, 4, 35, 76000.00,  'JPY', 1, NULL, 10, 5),
    (16, 4, 36, 132000.00, 'JPY', 1, NULL, 5, 2),
    (17, 4, 38, 90000.00,  'JPY', 1, NULL, 10, 4),
    -- Dell Technologies 直販契約
    (18, 5, 1,  133000.00, 'JPY', 1, NULL, 20, 8),
    (19, 5, 16, 460000.00, 'JPY', 1, NULL, 5, 1),
    (20, 5, 20, 61000.00,  'JPY', 1, NULL, 15, 6);

SELECT setval('supplier_contract_item_id_seq', 20);

-- ----------------------------------------------------------------------------
-- 仕入先評価（24件）
-- 過去2年間の四半期ごとの仕入先パフォーマンス評価
-- ----------------------------------------------------------------------------
INSERT INTO supplier_rating (id, supplier_id, rated_by, rating_period,
    quality_score, delivery_score, price_score, service_score, overall_score, comments, rated_at)
VALUES
    -- 大塚商会（高評価を維持）
    (1,  1, 3, '2024Q1', 4.5, 4.8, 4.0, 4.5, 4.5, '安定した品質と迅速な納品。価格はやや高めだが信頼性で補える。', '2024-04-10'),
    (2,  1, 3, '2024Q2', 4.5, 4.5, 4.0, 4.5, 4.4, '引き続き良好なサービス。大口割引の交渉余地あり。', '2024-07-10'),
    (3,  1, 3, '2024Q3', 4.5, 4.8, 4.2, 4.5, 4.5, '価格改善あり。レスポンスが早く助かる。', '2024-10-10'),
    (4,  1, 3, '2024Q4', 4.5, 4.5, 4.0, 4.8, 4.5, '年末の大量発注にも柔軟に対応。', '2025-01-10'),
    -- ダイワボウ情報システム
    (5,  4, 4, '2024Q1', 4.0, 4.5, 4.5, 4.0, 4.3, '価格競争力が高い。品揃えが豊富。', '2024-04-10'),
    (6,  4, 4, '2024Q2', 4.0, 4.2, 4.5, 4.0, 4.2, '一部商品で納期遅れあり。価格は据え置き。', '2024-07-10'),
    (7,  4, 4, '2024Q3', 4.0, 4.5, 4.5, 4.0, 4.3, '前四半期の納期問題は解消。', '2024-10-10'),
    (8,  4, 4, '2024Q4', 4.2, 4.5, 4.5, 4.2, 4.4, '年度末に向けて安定供給。良好。', '2025-01-10'),
    -- SB C&S
    (9,  5, 4, '2024Q1', 4.5, 5.0, 4.5, 4.0, 4.5, 'ライセンス管理のサポートが手厚い。', '2024-04-15'),
    (10, 5, 4, '2024Q2', 4.5, 5.0, 4.5, 4.5, 4.6, 'M365の契約更新がスムーズ。', '2024-07-15'),
    (11, 5, 4, '2024Q3', 4.5, 5.0, 4.0, 4.5, 4.5, '価格改定により若干値上がり。', '2024-10-15'),
    (12, 5, 4, '2024Q4', 4.5, 5.0, 4.0, 4.5, 4.5, 'Apple製品の在庫確保が安定。', '2025-01-15'),
    -- ネットワンシステムズ
    (13, 7, 3, '2024Q1', 4.5, 3.5, 3.5, 4.5, 4.0, 'Cisco製品のリードタイムが長い。技術サポートは優秀。', '2024-04-10'),
    (14, 7, 3, '2024Q2', 4.5, 4.0, 3.5, 4.5, 4.1, 'リードタイムが若干改善。', '2024-07-10'),
    (15, 7, 3, '2024Q3', 4.5, 4.0, 3.8, 4.5, 4.2, 'Cisco供給状況の改善に伴いリードタイム短縮。', '2024-10-10'),
    (16, 7, 3, '2024Q4', 4.5, 4.2, 3.8, 4.8, 4.3, '年度末のネットワーク更新案件で迅速対応。', '2025-01-10'),
    -- Dell Technologies Direct
    (17, 10, 4, '2024Q1', 4.5, 4.0, 4.5, 4.0, 4.3, 'CTO構成の納期が安定。直販価格が競争力あり。', '2024-04-10'),
    (18, 10, 4, '2024Q2', 4.5, 3.8, 4.5, 4.0, 4.2, '一部モデルで納期2週間超え。', '2024-07-10'),
    (19, 10, 4, '2024Q3', 4.5, 4.0, 4.5, 4.2, 4.3, '納期改善。カスタマイズ対応が柔軟。', '2024-10-10'),
    (20, 10, 4, '2024Q4', 4.5, 4.2, 4.5, 4.2, 4.4, '年間を通じて安定したパフォーマンス。', '2025-01-10'),
    -- テクノアルファ（低評価 → 取引停止へ）
    (21, 12, 4, '2024Q1', 3.0, 2.0, 4.5, 2.5, 3.0, '納期遅延が3回発生。品質にも不安あり。', '2024-04-15'),
    (22, 12, 4, '2024Q2', 2.5, 1.5, 4.5, 2.0, 2.6, '改善要求に対する対応が不十分。納期遅延が常態化。', '2024-07-15'),
    (23, 12, 3, '2024Q3', 2.0, 1.0, 4.5, 1.5, 2.3, '深刻な納期問題。取引停止を検討。', '2024-10-15'),
    (24, 12, 3, '2024Q4', 2.0, 1.0, 4.5, 1.5, 2.3, '取引停止決定。安値だが信頼性が致命的に低い。', '2025-01-10');

SELECT setval('supplier_rating_id_seq', 24);

-- ----------------------------------------------------------------------------
-- 仕入先認証（15件）
-- 仕入先が保有する各種認証情報
-- ----------------------------------------------------------------------------
INSERT INTO supplier_certification (id, supplier_id, certification_name, certification_body,
    certificate_number, issued_date, expiry_date, status)
VALUES
    (1,  1, 'ISO 9001:2015',  '日本品質保証機構(JQA)', 'JQA-QMA-15001', '2022-06-01', '2025-05-31', 'VALID'),
    (2,  1, 'ISO 27001:2022', '日本品質保証機構(JQA)', 'JQA-IM-15001',  '2023-04-01', '2026-03-31', 'VALID'),
    (3,  1, 'プライバシーマーク', 'JIPDEC',            'PM-10012345',    '2023-08-01', '2025-07-31', 'VALID'),
    (4,  2, 'ISO 9001:2015',  'BSIジャパン',           'BSI-QM-22001',   '2022-01-15', '2025-01-14', 'PENDING_RENEWAL'),
    (5,  2, 'ISO 14001:2015', 'BSIジャパン',           'BSI-EM-22001',   '2022-01-15', '2025-01-14', 'PENDING_RENEWAL'),
    (6,  3, 'ISO 9001:2015',  'DNVビジネス・アシュアランス', 'DNV-QM-33001', '2023-03-01', '2026-02-28', 'VALID'),
    (7,  3, 'ISO 27001:2022', 'DNVビジネス・アシュアランス', 'DNV-IM-33001', '2023-03-01', '2026-02-28', 'VALID'),
    (8,  4, 'ISO 9001:2015',  'ビューローベリタス',     'BV-QM-44001',    '2023-07-01', '2026-06-30', 'VALID'),
    (9,  4, 'プライバシーマーク', 'JIPDEC',            'PM-10034567',    '2024-01-01', '2025-12-31', 'VALID'),
    (10, 5, 'ISO 27001:2022', 'BSIジャパン',           'BSI-IM-55001',   '2023-10-01', '2026-09-30', 'VALID'),
    (11, 7, 'ISO 9001:2015',  '日本品質保証機構(JQA)', 'JQA-QM-77001',   '2023-04-01', '2026-03-31', 'VALID'),
    (12, 7, 'ISO 27001:2022', '日本品質保証機構(JQA)', 'JQA-IM-77001',   '2023-04-01', '2026-03-31', 'VALID'),
    (13, 7, 'ISO 20000-1:2018','日本品質保証機構(JQA)', 'JQA-IT-77001',   '2023-04-01', '2026-03-31', 'VALID'),
    (14, 10, 'ISO 9001:2015', 'TUV Rheinland',        'TUV-QM-DE10001', '2022-09-01', '2025-08-31', 'VALID'),
    (15, 10, 'ISO 14001:2015','TUV Rheinland',        'TUV-EM-DE10001', '2022-09-01', '2025-08-31', 'VALID');

SELECT setval('supplier_certification_id_seq', 15);
